Nombre,Harris,Pence,Biden,Trump,Fecha,Tuits
Joe Biden,,,Joe Biden,,2020-04-08 21:32:59,1302237
Joe Biden,,,Joe Biden,,2020-04-09 01:36:48,1605824
Joe Biden,,,Joe Biden,,2020-04-09 02:37:43,1663480
Joe Biden,,,Joe Biden,,2020-04-09 03:38:40,1718911
Joe Biden,,,Joe Biden,,2020-04-09 08:43:13,1858099
Donald Trump,,,,Donald Trump,2020-04-14 23:50:58,4276460
Donald Trump,,,,Donald Trump,2020-04-15 00:51:56,4246980
Donald Trump,,,,Donald Trump,2020-04-15 01:52:53,4231917
Donald Trump,,,,Donald Trump,2020-04-15 02:53:51,4215631
Donald Trump,,,,Donald Trump,2020-04-15 04:56:03,4209314
Donald Trump,,,,Donald Trump,2020-04-15 05:57:08,4217076
Donald Trump,,,,Donald Trump,2020-04-15 06:58:11,4228531
Donald Trump,,,,Donald Trump,2020-04-15 07:59:14,4246179
Donald Trump,,,,Donald Trump,2020-04-15 09:00:19,4264138
Donald Trump,,,,Donald Trump,2020-04-15 10:01:14,4277282
Donald Trump,,,,Donald Trump,2020-04-15 11:02:08,4289658
Donald Trump,,,,Donald Trump,2020-04-15 12:03:03,4303827
Donald Trump,,,,Donald Trump,2020-04-15 13:03:59,4320689
Donald Trump,,,,Donald Trump,2020-04-16 03:17:56,3884294
Donald Trump,,,,Donald Trump,2020-04-16 04:18:53,3892117
Donald Trump,,,,Donald Trump,2020-04-16 05:19:47,3890863
Donald Trump,,,,Donald Trump,2020-04-16 06:20:41,3875722
Donald Trump,,,,Donald Trump,2020-04-16 07:21:34,3854582
Donald Trump,,,,Donald Trump,2020-04-16 09:23:21,3818438
Donald Trump,,,,Donald Trump,2020-04-17 02:39:28,2994117
Donald Trump,,,,Donald Trump,2020-04-17 03:40:25,2979662
Donald Trump,,,,Donald Trump,2020-04-17 04:41:20,2979092
Donald Trump,,,,Donald Trump,2020-04-17 05:42:15,2969039
Donald Trump,,,,Donald Trump,2020-04-17 07:44:03,2949002
Donald Trump,,,,Donald Trump,2020-04-17 08:44:57,2941441
Donald Trump,,,,Donald Trump,2020-04-18 04:03:30,2959757
Donald Trump,,,,Donald Trump,2020-04-18 06:05:19,2978179
Donald Trump,,,,Donald Trump,2020-04-18 07:06:12,2985517
Donald Trump,,,,Donald Trump,2020-04-18 08:07:06,2960110
Donald Trump,,,,Donald Trump,2020-04-18 09:08,2962238
Donald Trump,,,,Donald Trump,2020-04-19 08:29:40,2758549
Donald Trump,,,,Donald Trump,2020-04-24 23:38:17,4162339
Donald Trump,,,,Donald Trump,2020-04-25 00:39:12,4184840
Donald Trump,,,,Donald Trump,2020-04-25 01:40:25,4195961
Donald Trump,,,,Donald Trump,2020-04-25 02:41:21,4198891
Donald Trump,,,,Donald Trump,2020-04-25 03:42:17,4197962
Donald Trump,,,,Donald Trump,2020-04-25 04:43:12,4212455
Donald Trump,,,,Donald Trump,2020-04-25 05:44:06,4218810
Donald Trump,,,,Donald Trump,2020-04-25 06:45:12,4217315
Donald Trump,,,,Donald Trump,2020-04-25 07:46:05,4213169
Donald Trump,,,,Donald Trump,2020-04-25 08:46:58,4194595
Donald Trump,,,,Donald Trump,2020-04-25 17:55:16,3575210
Donald Trump,,,,Donald Trump,2020-04-26 03:03:50,2933888
Donald Trump,,,,Donald Trump,2020-04-26 04:04:45,2786911
Donald Trump,,,,Donald Trump,2020-04-26 05:05:39,2778335
Donald Trump,,,,Donald Trump,2020-04-26 06:06:32,2773305
Donald Trump,,,,Donald Trump,2020-04-26 07:07:26,2760154
Donald Trump,,,,Donald Trump,2020-04-26 08:08:18,2745025
Donald Trump,,,,Donald Trump,2020-04-26 09:09:12,2726740
Donald Trump,,,,Donald Trump,2020-04-26 10:10:05,2697227
Donald Trump,,,,Donald Trump,2020-06-04 01:35:46,6337424
Donald Trump,,,,Donald Trump,2020-06-04 02:36:42,6194943
Donald Trump,,,,Donald Trump,2020-06-04 05:39:30,5985641
Donald Trump,,,,Donald Trump,2020-06-04 06:40:24,5957562
Donald Trump,,,,Donald Trump,2020-06-04 07:41:19,5926050
Donald Trump,,,,Donald Trump,2020-06-04 08:42:14,5898131
Donald Trump,,,,Donald Trump,2020-06-04 09:43:10,5867287
Donald Trump,,,,Donald Trump,2020-06-04 10:44:07,5826846
Donald Trump,,,,Donald Trump,2020-06-04 19:52:42,5305108
Donald Trump,,,,Donald Trump,2020-06-05 01:58:30,4685607
Donald Trump,,,,Donald Trump,2020-06-05 02:59:29,4596945
Donald Trump,,,,Donald Trump,2020-06-04 01:35:46,6337424
Donald Trump,,,,Donald Trump,2020-06-04 02:36:42,6194943
Donald Trump,,,,Donald Trump,2020-06-04 05:39:30,5985641
Donald Trump,,,,Donald Trump,2020-06-04 06:40:24,5957562
Donald Trump,,,,Donald Trump,2020-06-04 07:41:19,5926050
Donald Trump,,,,Donald Trump,2020-06-04 08:42:14,5898131
Donald Trump,,,,Donald Trump,2020-06-04 09:43:10,5867287
Donald Trump,,,,Donald Trump,2020-06-04 10:44:07,5826846
Donald Trump,,,,Donald Trump,2020-06-04 19:52:42,5305108
Donald Trump,,,,Donald Trump,2020-06-05 01:58:30,4685607
Donald Trump,,,,Donald Trump,2020-06-05 02:59:29,4596945
Joe Biden,,,Joe Biden,,2020-09-29 12:53:50,2218615
Joe Biden,,,Joe Biden,,2020-09-29 13:55:03,2236223
Joe Biden,,,Joe Biden,,2020-09-29 14:56:17,2216116
Joe Biden,,,Joe Biden,,2020-09-29 15:57:25,2221489
Joe Biden,,,Joe Biden,,2020-09-29 16:58:33,2261091
Joe Biden,,,Joe Biden,,2020-09-29 17:59:41,2301355
Joe Biden,,,Joe Biden,,2020-09-29 19:00:49,2405468
Joe Biden,,,Joe Biden,,2020-09-29 20:01:56,2410349
Joe Biden,,,Joe Biden,,2020-09-30 00:06:21,2747075
Joe Biden,,,Joe Biden,,2020-09-30 01:07:28,2885950
Joe Biden,,,Joe Biden,,2020-09-30 05:11:58,6103021
Donald Trump,,,,Donald Trump,2020-09-30 05:11:58,8952907
Joe Biden,,,Joe Biden,,2020-09-30 06:13,6498486
Joe Biden,,,Joe Biden,,2020-09-30 07:14:02,6738930
Joe Biden,,,Joe Biden,,2020-09-30 08:15:04,6908590
Joe Biden,,,Joe Biden,,2020-09-30 09:16:06,7052288
Joe Biden,,,Joe Biden,,2020-09-30 10:17:11,7224056
Joe Biden,,,Joe Biden,,2020-09-30 11:18:15,9530394
Joe Biden,,,Joe Biden,,2020-09-30 12:19:19,10148284
Joe Biden,,,Joe Biden,,2020-09-30 13:20:25,10468225
Joe Biden,,,Joe Biden,,2020-09-30 14:21:28,10729587
Joe Biden,,,Joe Biden,,2020-09-30 15:22:37,11061221
Joe Biden,,,Joe Biden,,2020-09-30 16:23:45,10491126
Joe Biden,,,Joe Biden,,2020-10-01 02:34:57,8583586
Joe Biden,,,Joe Biden,,2020-10-01 03:36:10,7428909
Joe Biden,,,Joe Biden,,2020-10-01 04:37:20,6865908
Joe Biden,,,Joe Biden,,2020-10-01 05:38:23,6552956
Joe Biden,,,Joe Biden,,2020-10-01 06:39:26,6372561
Joe Biden,,,Joe Biden,,2020-10-01 07:40:29,6248184
Joe Biden,,,Joe Biden,,2020-10-01 08:41:31,6148337
Joe Biden,,,Joe Biden,,2020-10-01 09:42:35,6025480
Joe Biden,,,Joe Biden,,2020-10-01 10:43:39,5853466
Donald Trump,,,,Donald Trump,2020-10-02 07:06:11,3642529
Donald Trump,,,,Donald Trump,2020-10-02 08:07:16,6787438
Donald Trump,,,,Donald Trump,2020-10-02 09:09:09,7062354
Donald Trump,,,,Donald Trump,2020-10-02 10:10:12,7210153
Donald Trump,,,,Donald Trump,2020-10-02 11:11:18,7349102
Donald Trump,,,,Donald Trump,2020-10-02 12:12:23,7545727
Donald Trump,,,,Donald Trump,2020-10-02 13:13:29,7848108
Donald Trump,,,,Donald Trump,2020-10-02 13:13:29,1134011
Donald Trump,,,,Donald Trump,2020-10-02 14:14:36,8269290
Donald Trump,,,,Donald Trump,2020-10-02 15:15:43,3702913
Donald Trump,,,,Donald Trump,2020-10-02 16:16:51,8010073
Donald Trump,,,,Donald Trump,2020-10-02 22:23:52,4074532
Donald Trump,,,,Donald Trump,2020-10-03 01:27:18,5282448
Donald Trump,,,,Donald Trump,2020-10-03 02:28:27,8937832
Donald Trump,,,,Donald Trump,2020-10-03 03:29:38,11799446
Donald Trump,,,,Donald Trump,2020-10-03 04:30:49,11959904
Donald Trump,,,,Donald Trump,2020-10-03 04:30:49,1434092
Donald Trump,,,,Donald Trump,2020-10-03 05:31:52,11431962
Donald Trump,,,,Donald Trump,2020-10-03 05:31:52,1291085
Donald Trump,,,,Donald Trump,2020-10-03 06:32:54,11101997
Donald Trump,,,,Donald Trump,2020-10-03 06:32:54,1225519
Donald Trump,,,,Donald Trump,2020-10-03 07:33:57,10949662
Donald Trump,,,,Donald Trump,2020-10-03 07:33:57,1185303
Donald Trump,,,,Donald Trump,2020-10-03 10:37:08,10593768
Donald Trump,,,,Donald Trump,2020-10-03 11:38:18,10391075
Donald Trump,,,,Donald Trump,2020-10-03 12:39:26,10152764
Donald Trump,,,,Donald Trump,2020-10-04 03:57:29,7904996
Donald Trump,,,,Donald Trump,2020-10-04 04:58:36,7631271
Donald Trump,,,,Donald Trump,2020-10-04 05:59:40,6615623
Donald Trump,,,,Donald Trump,2020-10-04 07:00:42,4664439
Donald Trump,,,,Donald Trump,2020-10-04 08:01:46,7555704
Donald Trump,,,,Donald Trump,2020-10-04 09:02:49,7508500
Donald Trump,,,,Donald Trump,2020-10-04 10:03:52,7459669
Donald Trump,,,,Donald Trump,2020-10-04 11:04:56,7419018
Donald Trump,,,,Donald Trump,2020-10-05 06:25:58,6992387
Donald Trump,,,,Donald Trump,2020-10-05 07:27,7005828
Donald Trump,,,,Donald Trump,2020-10-05 09:29:04,7016029
Mike Pence,,Mike Pence,,,2020-10-08 01:39:08,1126041
Mike Pence,,Mike Pence,,,2020-10-08 02:40:17,3932577
Mike Pence,,Mike Pence,,,2020-10-08 03:41:26,5227844
Mike Pence,,Mike Pence,,,2020-10-08 04:42:31,5904721
Mike Pence,,Mike Pence,,,2020-10-08 05:43:34,6405007
Mike Pence,,Mike Pence,,,2020-10-08 06:44:36,6577755
Mike Pence,,Mike Pence,,,2020-10-08 09:47:40,6862464
Mike Pence,,Mike Pence,,,2020-10-08 10:48:43,6982902
Mike Pence,,Mike Pence,,,2020-10-08 11:49:46,7168964
Mike Pence,,Mike Pence,,,2020-10-08 12:50:51,7411833
Mike Pence,,Mike Pence,,,2020-10-08 13:52:05,7656918
Mike Pence,,Mike Pence,,,2020-10-08 14:53:20,7871862
Donald Trump,,,,Donald Trump,2020-10-21 05:18:25,4558978
Donald Trump,,,,Donald Trump,2020-10-21 09:22:33,1843466
Donald Trump,,,,Donald Trump,2020-10-21 10:23:36,1186949
Donald Trump,,,,Donald Trump,2020-10-21 11:24:40,1234314
Joe Biden,,,Joe Biden,,2020-10-23 02:06:02,1894513
Joe Biden,,,Joe Biden,,2020-10-23 03:07:08,1808585
Joe Biden,,,Joe Biden,,2020-10-23 04:08:14,1119717
Donald Trump,,,,Donald Trump,2020-10-23 05:09:17,3189530
Joe Biden,,,Joe Biden,,2020-10-23 05:09:17,1247678
Joe Biden,,,Joe Biden,,2020-10-23 06:10:18,1320016
Joe Biden,,,Joe Biden,,2020-10-23 07:11:19,1364063
Donald Trump,,,,Donald Trump,2020-10-23 08:12:20,2889597
Joe Biden,,,Joe Biden,,2020-10-23 09:13:20,2711504
Joe Biden,,,Joe Biden,,2020-10-23 10:14:22,2726649
Joe Biden,,,Joe Biden,,2020-10-23 11:15:25,2579209
Joe Biden,,,Joe Biden,,2020-10-23 12:16:28,1267132
Donald Trump,,,,Donald Trump,2020-10-25 06:00:39,2118749
Donald Trump,,,,Donald Trump,2020-10-26 05:25:28,3846817
Donald Trump,,,,Donald Trump,2020-10-26 06:26:29,3868152
Donald Trump,,,,Donald Trump,2020-10-26 07:27:31,3880851
Donald Trump,,,,Donald Trump,2020-10-27 06:52:27,1251339
Donald Trump,,,,Donald Trump,2020-10-29 07:43:54,1758796
Donald Trump,,,,Donald Trump,2020-10-30 07:11:35,4243144
Donald Trump,,,,Donald Trump,2020-10-31 07:37:27,3048681
Donald Trump,,,,Donald Trump,2020-10-31 08:38:28,1547631
Donald Trump,,,,Donald Trump,2020-10-31 09:39:31,1175863
Donald Trump,,,,Donald Trump,2020-11-01 07:02:03,2322259
Joe Biden,,,Joe Biden,,2020-11-01 07:02:03,1424140
Joe Biden,,,Joe Biden,,2020-11-01 08:03:05,1559289
Donald Trump,,,,Donald Trump,2020-11-01 09:04:07,4587490
Donald Trump,,,,Donald Trump,2020-11-01 10:05:09,4593747
Joe Biden,,,Joe Biden,,2020-11-01 19:14:41,3046001
Joe Biden,,,Joe Biden,,2020-11-01 20:15:46,2957175
Joe Biden,,,Joe Biden,,2020-11-01 21:17:02,2997521
Joe Biden,,,Joe Biden,,2020-11-01 22:18:06,2068921
Joe Biden,,,Joe Biden,,2020-11-01 23:19:10,1227203
Joe Biden,,,Joe Biden,,2020-11-02 00:20:12,1435953
Joe Biden,,,Joe Biden,,2020-11-02 01:21:16,1630661
Joe Biden,,,Joe Biden,,2020-11-02 02:22:23,1806032
Joe Biden,,,Joe Biden,,2020-11-02 03:23:30,2010895
Joe Biden,,,Joe Biden,,2020-11-02 04:24:37,3348908
Joe Biden,,,Joe Biden,,2020-11-02 05:25:40,3383324
Joe Biden,,,Joe Biden,,2020-11-02 06:26:43,3408815
Donald Trump,,,,Donald Trump,2020-11-02 07:27:44,4213315
Donald Trump,,,,Donald Trump,2020-11-02 08:28:45,2786832
Donald Trump,,,,Donald Trump,2020-11-02 09:29:47,1794428
Joe Biden,,,Joe Biden,,2020-11-02 09:29:47,3428713
Donald Trump,,,,Donald Trump,2020-11-02 10:30:49,1222089
Joe Biden,,,Joe Biden,,2020-11-02 10:30:49,3424255
Donald Trump,,,,Donald Trump,2020-11-02 11:31:52,1308779
Joe Biden,,,Joe Biden,,2020-11-02 11:31:52,3415797
Joe Biden,,,Joe Biden,,2020-11-03 02:47:59,1244966
Donald Trump,,,,Donald Trump,2020-11-03 03:49:06,2040733
Donald Trump,,,,Donald Trump,2020-11-03 04:50:12,2391186
Joe Biden,,,Joe Biden,,2020-11-03 04:50:12,1291576
Donald Trump,,,,Donald Trump,2020-11-03 05:51:14,2571203
Joe Biden,,,Joe Biden,,2020-11-03 05:51:14,1447965
Donald Trump,,,,Donald Trump,2020-11-03 06:52:16,2547473
Donald Trump,,,,Donald Trump,2020-11-03 07:53:17,1934403
Donald Trump,,,,Donald Trump,2020-11-03 08:54:19,2308954
Donald Trump,,,,Donald Trump,2020-11-03 09:55:22,2033828
Donald Trump,,,,Donald Trump,2020-11-03 11:57:28,6255654
Donald Trump,,,,Donald Trump,2020-11-03 12:58:33,5691104
Donald Trump,,,,Donald Trump,2020-11-03 12:58:33,1116273
Donald Trump,,,,Donald Trump,2020-11-03 13:59:36,1634406
Donald Trump,,,,Donald Trump,2020-11-03 15:00:41,1545943
Donald Trump,,,,Donald Trump,2020-11-03 16:01:45,2021638
Donald Trump,,,,Donald Trump,2020-11-03 16:01:45,1158771
Donald Trump,,,,Donald Trump,2020-11-03 17:02:51,1998394
Joe Biden,,,Joe Biden,,2020-11-03 17:02:51,1169780
Donald Trump,,,,Donald Trump,2020-11-03 18:03:56,1820111
Joe Biden,,,Joe Biden,,2020-11-03 18:03:56,1249829
Joe Biden,,,Joe Biden,,2020-11-03 19:05:01,4126412
Donald Trump,,,,Donald Trump,2020-11-03 19:05:01,1202065
Joe Biden,,,Joe Biden,,2020-11-03 20:06:05,4122617
Joe Biden,,,Joe Biden,,2020-11-03 21:07:27,3857391
Joe Biden,,,Joe Biden,,2020-11-03 22:08:31,3074446
Joe Biden,,,Joe Biden,,2020-11-03 23:09:36,1237382
Donald Trump,,,,Donald Trump,2020-11-04 00:10:41,2543863
Donald Trump,,,,Donald Trump,2020-11-04 01:11:45,2001878
Joe Biden,,,Joe Biden,,2020-11-04 01:11:45,1152880
Donald Trump,,,,Donald Trump,2020-11-04 01:11:45,1177473
Donald Trump,,,,Donald Trump,2020-11-04 02:12:49,2168346
Joe Biden,,,Joe Biden,,2020-11-04 02:12:49,1883709
Donald Trump,,,,Donald Trump,2020-11-04 02:12:49,1235053
Donald Trump,,,,Donald Trump,2020-11-04 03:13:55,1263723
Donald Trump,,,,Donald Trump,2020-11-04 04:15:01,3731992
Joe Biden,,,Joe Biden,,2020-11-04 04:15:01,4493521
Donald Trump,,,,Donald Trump,2020-11-04 05:16:04,1873025
Joe Biden,,,Joe Biden,,2020-11-04 05:16:04,1251046
Donald Trump,,,,Donald Trump,2020-11-04 05:16:04,1337724
Donald Trump,,,,Donald Trump,2020-11-04 06:17:06,2765621
Joe Biden,,,Joe Biden,,2020-11-04 06:17:06,1745006
Donald Trump,,,,Donald Trump,2020-11-04 06:17:06,1402915
Donald Trump,,,,Donald Trump,2020-11-04 07:18:06,2348256
Joe Biden,,,Joe Biden,,2020-11-04 07:18:06,2209439
Donald Trump,,,,Donald Trump,2020-11-04 08:19:09,3033973
Joe Biden,,,Joe Biden,,2020-11-04 08:19:09,2507094
Donald Trump,,,,Donald Trump,2020-11-04 08:19:09,1553891
Donald Trump,,,,Donald Trump,2020-11-04 09:20:10,2989284
Donald Trump,,,,Donald Trump,2020-11-04 10:21:12,2908811
Donald Trump,,,,Donald Trump,2020-11-04 10:21:12,1628259
Donald Trump,,,,Donald Trump,2020-11-04 11:22:15,2717072
Joe Biden,,,Joe Biden,,2020-11-04 11:22:15,2182339
Donald Trump,,,,Donald Trump,2020-11-04 11:22:15,1639114
Donald Trump,,,,Donald Trump,2020-11-04 12:23:18,2584191
Donald Trump,,,,Donald Trump,2020-11-04 13:24:23,2100880
Donald Trump,,,,Donald Trump,2020-11-04 14:25:28,5347905
Donald Trump,,,,Donald Trump,2020-11-04 15:26:33,1649993
Joe Biden,,,Joe Biden,,2020-11-04 16:27:38,1898659
Joe Biden,,,Joe Biden,,2020-11-04 17:28:45,2386803
Joe Biden,,,Joe Biden,,2020-11-05 04:40:43,2385764
Donald Trump,,,,Donald Trump,2020-11-06 05:06:14,1343133
Donald Trump,,,,Donald Trump,2020-11-06 06:07:15,2645926
Donald Trump,,,,Donald Trump,2020-11-06 06:07:15,1374480
Joe Biden,,,Joe Biden,,2020-11-06 08:09:17,1456985
Joe Biden,,,Joe Biden,,2020-11-07 17:44:54,1898932
Donald Trump,,,,Donald Trump,2020-11-07 17:44:54,1555844
Joe Biden,,,Joe Biden,,2020-11-07 18:46:04,2218575
Donald Trump,,,,Donald Trump,2020-11-07 18:46:04,1217575
Joe Biden,,,Joe Biden,,2020-11-07 19:47:13,2967168
Donald Trump,,,,Donald Trump,2020-11-07 19:47:13,1511811
Joe Biden,,,Joe Biden,,2020-11-07 20:48:22,1920455
Kamala Harris,Kamala Harris,,,,2020-11-07 20:48:22,1124807
Joe Biden,,,Joe Biden,,2020-11-07 21:49:33,2609262
Kamala Harris,Kamala Harris,,,,2020-11-07 21:49:33,1199466
Donald Trump,,,,Donald Trump,2020-11-07 21:49:33,1298161
Joe Biden,,,Joe Biden,,2020-11-07 22:50:43,2616627
Kamala Harris,Kamala Harris,,,,2020-11-07 22:50:43,1259560
Donald Trump,,,,Donald Trump,2020-11-07 22:50:43,1398600
Joe Biden,,,Joe Biden,,2020-11-07 23:51:47,1385671
Kamala Harris,Kamala Harris,,,,2020-11-07 23:51:47,1693542
Donald Trump,,,,Donald Trump,2020-11-07 23:51:47,1222048
Joe Biden,,,Joe Biden,,2020-11-08 00:52:49,5272906
Kamala Harris,Kamala Harris,,,,2020-11-08 00:52:49,1911081
Donald Trump,,,,Donald Trump,2020-11-08 00:52:49,1762854
Joe Biden,,,Joe Biden,,2020-11-08 01:53:53,2721451
Kamala Harris,Kamala Harris,,,,2020-11-08 01:53:53,2072214
Donald Trump,,,,Donald Trump,2020-11-08 01:53:53,2071103
Kamala Harris,Kamala Harris,,,,2020-11-08 02:54:57,1608212
Donald Trump,,,,Donald Trump,2020-11-08 02:54:57,2098797
Joe Biden,,,Joe Biden,,2020-11-08 03:56:01,2450180
Kamala Harris,Kamala Harris,,,,2020-11-08 03:56:01,2314640
Joe Biden,,,Joe Biden,,2020-11-08 04:57:05,2692135
Kamala Harris,Kamala Harris,,,,2020-11-08 04:57:05,1696592
Donald Trump,,,,Donald Trump,2020-11-08 04:57:05,2113974
Joe Biden,,,Joe Biden,,2020-11-08 05:58:09,2520121
Kamala Harris,Kamala Harris,,,,2020-11-08 05:58:09,1726345
Donald Trump,,,,Donald Trump,2020-11-08 05:58:09,2120880
Joe Biden,,,Joe Biden,,2020-11-08 06:59:10,2442133
Donald Trump,,,,Donald Trump,2020-11-08 06:59:10,1880561
Kamala Harris,Kamala Harris,,,,2020-11-08 06:59:10,1749921
Joe Biden,,,Joe Biden,,2020-11-08 08:00:10,2469177
Kamala Harris,Kamala Harris,,,,2020-11-08 08:00:10,1769825
Donald Trump,,,,Donald Trump,2020-11-08 08:00:10,2655513
Joe Biden,,,Joe Biden,,2020-11-08 09:01:12,2462836
Kamala Harris,Kamala Harris,,,,2020-11-08 09:01:12,1787655
Joe Biden,,,Joe Biden,,2020-11-08 10:02:14,1228168
Kamala Harris,Kamala Harris,,,,2020-11-08 10:02:14,1805523
Kamala Harris,Kamala Harris,,,,2020-11-08 11:03:16,1823974
Donald Trump,,,,Donald Trump,2020-11-08 11:03:16,7928190
Kamala Harris,Kamala Harris,,,,2020-11-08 12:04:18,1842606
Kamala Harris,Kamala Harris,,,,2020-11-08 13:05:20,1862746
Donald Trump,,,,Donald Trump,2020-11-15 07:58:23,4653631
Joe Biden,,,Joe Biden,,2020-11-24 04:24:23,1152787
Donald Trump,,,,Donald Trump,2020-11-24 04:24:23,1688038
Donald Trump,,,,Donald Trump,2020-11-24 05:25:46,1806510
Joe Biden,,,Joe Biden,,2020-11-24 05:25:46,1208661
Donald Trump,,,,Donald Trump,2020-11-24 06:27:10,2019587
Joe Biden,,,Joe Biden,,2020-11-24 06:27:10,1826935
Donald Trump,,,,Donald Trump,2020-11-24 07:28:35,3294357
Joe Biden,,,Joe Biden,,2020-11-24 07:28:35,1987963
Donald Trump,,,,Donald Trump,2020-11-24 08:29:57,3300186
Joe Biden,,,Joe Biden,,2020-11-24 08:29:57,1999269
Joe Biden,,,Joe Biden,,2020-11-24 09:31:18,2007923
Donald Trump,,,,Donald Trump,2020-11-24 09:31:18,3301623
Donald Trump,,,,Donald Trump,2020-11-27 03:55:19,1985360
Joe Biden,,,Joe Biden,,2020-11-27 03:55:19,1173232
Donald Trump,,,,Donald Trump,2020-11-27 04:56:35,1976894
Joe Biden,,,Joe Biden,,2020-11-27 04:56:35,1170173
Donald Trump,,,,Donald Trump,2020-11-27 05:57:49,1991781
Joe Biden,,,Joe Biden,,2020-11-27 05:57:49,1173631
Donald Trump,,,,Donald Trump,2020-11-27 06:59,1994684
Joe Biden,,,Joe Biden,,2020-11-27 06:59,1175314
Donald Trump,,,,Donald Trump,2020-11-28 06:28:10,1196851
Donald Trump,,,,Donald Trump,2020-11-28 07:29:22,1126603
Joe Biden,,,Joe Biden,,2020-12-05 05:57:48,1303752
Donald Trump,,,,Donald Trump,2020-12-07 07:07:10,2160546
Donald Trump,,,,Donald Trump,2020-12-07 08:08:27,1915298
Donald Trump,,,,Donald Trump,2020-12-09 07:10:44,2419137
Donald Trump,,,,Donald Trump,2020-12-09 08:12:15,2429366
Donald Trump,,,,Donald Trump,2020-12-09 09:13:32,2433084
Donald Trump,,,,Donald Trump,2020-12-12 03:41:17,2702369
Donald Trump,,,,Donald Trump,2020-12-12 04:42:40,2729083
Donald Trump,,,,Donald Trump,2020-12-12 05:44:01,2772246
Joe Biden,,,Joe Biden,,2020-12-12 05:44:01,1961909
Donald Trump,,,,Donald Trump,2020-12-12 06:45:23,2778515
Joe Biden,,,Joe Biden,,2020-12-12 06:45:23,1948745
Donald Trump,,,,Donald Trump,2020-12-12 07:46:42,2377501
Joe Biden,,,Joe Biden,,2020-12-12 07:46:42,1938725
Donald Trump,,,,Donald Trump,2020-12-12 08:48:01,1617984
Donald Trump,,,,Donald Trump,2020-12-12 09:49:18,1307301
Donald Trump,,,,Donald Trump,2020-12-15 04:17:40,2888948
Donald Trump,,,,Donald Trump,2020-12-15 05:19:02,2916657
Donald Trump,,,,Donald Trump,2020-12-15 06:20:22,2768561
Joe Biden,,,Joe Biden,,2020-12-15 07:21:41,2137836
Donald Trump,,,,Donald Trump,2020-12-15 07:21:41,2614731
Joe Biden,,,Joe Biden,,2020-12-15 08:22:58,2177031
Donald Trump,,,,Donald Trump,2020-12-15 08:22:58,2369895
Joe Biden,,,Joe Biden,,2020-12-15 09:24:16,1992413
Donald Trump,,,,Donald Trump,2020-12-23 07:35:14,2469320
Donald Trump,,,,Donald Trump,2020-12-23 08:36:32,3093421
Donald Trump,,,,Donald Trump,2020-12-26 07:08:16,1313306
Donald Trump,,,,Donald Trump,2020-12-29 06:41:20,2258835
Donald Trump,,,,Donald Trump,2021-01-02 06:45:11,1875173
Donald Trump,,,,Donald Trump,2021-01-02 07:46:32,1882161
Donald Trump,,,,Donald Trump,2021-01-02 08:47:52,1889092
Joe Biden,,,Joe Biden,,2021-01-04 05:45:37,1170042
Donald Trump,,,,Donald Trump,2021-01-04 06:46:55,2351527
Donald Trump,,,,Donald Trump,2021-01-04 07:48:12,2076944
Joe Biden,,,Joe Biden,,2021-01-04 07:48:12,1169018
Donald Trump,,,,Donald Trump,2021-01-04 08:49:27,1713481
Joe Biden,,,Joe Biden,,2021-01-04 08:49:27,1168715
Donald Trump,,,,Donald Trump,2021-01-04 09:50:42,1613368
Joe Biden,,,Joe Biden,,2021-01-04 09:50:42,1167704
Donald Trump,,,,Donald Trump,2021-01-04 10:51:58,1848938
Joe Biden,,,Joe Biden,,2021-01-04 10:51:58,1165740
Donald Trump,,,,Donald Trump,2021-01-04 11:53:15,1488476
Joe Biden,,,Joe Biden,,2021-01-04 11:53:15,1166173
Donald Trump,,,,Donald Trump,2021-01-04 12:54:33,3878324
Donald Trump,,,,Donald Trump,2021-01-06 06:49:15,1462925
Donald Trump,,,,Donald Trump,2021-01-06 07:50:31,1391191
Joe Biden,,,Joe Biden,,2021-01-06 07:50:31,1106086
Donald Trump,,,,Donald Trump,2021-01-06 08:51:48,1461040
Joe Biden,,,Joe Biden,,2021-01-06 08:51:48,1121603
Joe Biden,,,Joe Biden,,2021-01-06 10:54:21,1137414
Joe Biden,,,Joe Biden,,2021-01-06 11:55:39,1141390
Joe Biden,,,Joe Biden,,2021-01-06 18:03:38,1177330
Donald Trump,,,,Donald Trump,2021-01-06 19:05:01,3724237
Mike Pence,,Mike Pence,,,2021-01-06 19:05:01,1189745
Donald Trump,,,,Donald Trump,2021-01-06 20:06:53,2184239
Mike Pence,,Mike Pence,,,2021-01-06 20:06:53,1455038
Joe Biden,,,Joe Biden,,2021-01-06 20:06:53,1294135
Donald Trump,,,,Donald Trump,2021-01-06 21:08:20,2975908
Joe Biden,,,Joe Biden,,2021-01-06 21:08:20,1434561
Mike Pence,,Mike Pence,,,2021-01-06 21:08:20,1522195
Donald Trump,,,,Donald Trump,2021-01-06 22:09:45,2766520
Joe Biden,,,Joe Biden,,2021-01-06 22:09:45,1416641
Mike Pence,,Mike Pence,,,2021-01-06 22:09:45,1185464
Donald Trump,,,,Donald Trump,2021-01-06 23:11:10,2712231
Joe Biden,,,Joe Biden,,2021-01-06 23:11:10,1234600
Mike Pence,,Mike Pence,,,2021-01-06 23:11:10,1397476
Donald Trump,,,,Donald Trump,2021-01-07 00:12:33,2910878
Joe Biden,,,Joe Biden,,2021-01-07 00:12:33,1835278
Mike Pence,,Mike Pence,,,2021-01-07 00:12:33,1811110
Donald Trump,,,,Donald Trump,2021-01-07 01:13:56,2349939
Joe Biden,,,Joe Biden,,2021-01-07 01:13:56,2232557
Mike Pence,,Mike Pence,,,2021-01-07 01:13:56,2374680
Donald Trump,,,,Donald Trump,2021-01-07 02:15:21,2988598
Joe Biden,,,Joe Biden,,2021-01-07 02:15:21,2312049
Mike Pence,,Mike Pence,,,2021-01-07 02:15:21,2569007
Donald Trump,,,,Donald Trump,2021-01-07 03:16:45,2415237
Joe Biden,,,Joe Biden,,2021-01-07 03:16:45,2382323
Mike Pence,,Mike Pence,,,2021-01-07 03:16:45,2707099
Donald Trump,,,,Donald Trump,2021-01-07 04:18:06,2121122
Joe Biden,,,Joe Biden,,2021-01-07 04:18:06,2453639
Mike Pence,,Mike Pence,,,2021-01-07 04:18:06,2799323
Donald Trump,,,,Donald Trump,2021-01-07 05:19:25,2874953
Joe Biden,,,Joe Biden,,2021-01-07 05:19:25,2494369
Mike Pence,,Mike Pence,,,2021-01-07 05:19:25,1924219
Donald Trump,,,,Donald Trump,2021-01-07 06:20:42,2867491
Joe Biden,,,Joe Biden,,2021-01-07 06:20:42,2414744
Mike Pence,,Mike Pence,,,2021-01-07 06:20:42,1429390
Donald Trump,,,,Donald Trump,2021-01-07 07:21:59,2707360
Joe Biden,,,Joe Biden,,2021-01-07 07:21:59,1934375
Mike Pence,,Mike Pence,,,2021-01-07 07:21:59,1131585
Donald Trump,,,,Donald Trump,2021-01-07 08:23:16,4608298
Joe Biden,,,Joe Biden,,2021-01-07 08:23:16,2581043
Mike Pence,,Mike Pence,,,2021-01-07 08:23:16,1576385
Donald Trump,,,,Donald Trump,2021-01-07 09:24:31,10822138
Joe Biden,,,Joe Biden,,2021-01-07 09:24:31,2728416
Mike Pence,,Mike Pence,,,2021-01-07 09:24:31,1593932
Donald Trump,,,,Donald Trump,2021-01-07 10:25:47,5576517
Joe Biden,,,Joe Biden,,2021-01-07 10:25:47,2798957
Donald Trump,,,,Donald Trump,2021-01-07 11:27:02,3481238
Joe Biden,,,Joe Biden,,2021-01-07 11:27:02,2845632
Donald Trump,,,,Donald Trump,2021-01-07 12:28:34,1845171
Joe Biden,,,Joe Biden,,2021-01-07 12:28:34,2778454
Donald Trump,,,,Donald Trump,2021-01-07 13:30:11,2218440
Joe Biden,,,Joe Biden,,2021-01-07 13:30:11,2941434
Donald Trump,,,,Donald Trump,2021-01-09 00:15:32,1169994
Donald Trump,,,,Donald Trump,2021-01-09 01:16:50,1208999
Donald Trump,,,,Donald Trump,2021-01-09 03:19:30,1272539
Donald Trump,,,,Donald Trump,2021-01-09 04:20:50,1363011
Donald Trump,,,,Donald Trump,2021-01-09 08:25:59,1451225
Joe Biden,,,Joe Biden,,2021-01-15 07:31:09,1284573
Donald Trump,,,,Donald Trump,2021-01-19 06:34:46,3135701
Donald Trump,,,,Donald Trump,2021-01-19 07:36:02,2708398
Joe Biden,,,Joe Biden,,2021-01-20 04:02:24,1323853
Joe Biden,,,Joe Biden,,2021-01-20 05:03:46,1976149
Joe Biden,,,Joe Biden,,2021-01-20 06:05:04,2275299
Joe Biden,,,Joe Biden,,2021-01-20 07:06:21,2313303
Joe Biden,,,Joe Biden,,2021-01-20 08:07:38,2346814
Joe Biden,,,Joe Biden,,2021-01-20 09:08:55,2380334
Joe Biden,,,Joe Biden,,2021-01-20 10:10:12,2408909
Joe Biden,,,Joe Biden,,2021-01-20 11:11:29,2440984
Joe Biden,,,Joe Biden,,2021-01-20 12:12:48,2478502
Joe Biden,,,Joe Biden,,2021-01-20 13:14:08,2532713
Joe Biden,,,Joe Biden,,2021-01-20 14:15:29,2646700
Joe Biden,,,Joe Biden,,2021-01-20 15:16:48,2817293
Joe Biden,,,Joe Biden,,2021-01-20 16:18:10,3029653
Joe Biden,,,Joe Biden,,2021-01-20 16:18:10,3029653
Joe Biden,,,Joe Biden,,2021-01-20 18:20:55,2154207
Joe Biden,,,Joe Biden,,2021-01-20 19:22:16,2432860
Joe Biden,,,Joe Biden,,2021-01-20 19:22:16,2432860
Joe Biden,,,Joe Biden,,2021-01-20 20:23:38,2486859
Joe Biden,,,Joe Biden,,2021-01-20 20:23:38,2486859
Joe Biden,,,Joe Biden,,2021-01-20 21:24:58,2270786
Joe Biden,,,Joe Biden,,2021-01-20 22:26:18,3930023
Joe Biden,,,Joe Biden,,2021-01-20 23:27:37,3751104
Joe Biden,,,Joe Biden,,2021-01-21 00:28:57,2365190
Joe Biden,,,Joe Biden,,2021-01-21 06:36:57,2222227
Kamala Harris,Kamala Harris,,,,2021-01-21 06:36:57,1270051
Donald Trump,,,,Donald Trump,2021-01-21 06:36:57,1879764
Joe Biden,,,Joe Biden,,2021-01-21 07:38:14,2239879
Donald Trump,,,,Donald Trump,2021-01-21 07:38:14,1974971
Kamala Harris,Kamala Harris,,,,2021-01-21 07:38:14,1276211
Joe Biden,,,Joe Biden,,2021-01-21 08:39:31,6156780
Donald Trump,,,,Donald Trump,2021-01-21 08:39:31,5326718
Kamala Harris,Kamala Harris,,,,2021-01-21 08:39:31,1282133
Joe Biden,,,Joe Biden,,2021-01-21 09:40:54,7212095
Donald Trump,,,,Donald Trump,2021-01-21 09:40:54,6521825
Kamala Harris,Kamala Harris,,,,2021-01-21 09:40:54,1287844
Joe Biden,,,Joe Biden,,2021-01-21 10:42:11,7241268
Kamala Harris,Kamala Harris,,,,2021-01-21 11:43:32,1294634
Joe Biden,,,Joe Biden,,2021-02-17 08:01:24,1106780
Joe Biden,,,Joe Biden,,2021-02-26 11:01:26,1062799
Joe Biden,,,Joe Biden,,2021-02-26 15:01:29,1221452
Joe Biden,,,Joe Biden,,2021-02-26 19:01:30,1404388
Joe Biden,,,Joe Biden,,2021-03-12 07:01:22,1294858
Joe Biden,,,Joe Biden,,2021-03-19 23:01:29,1447329
Joe Biden,,,Joe Biden,,2021-04-29 06:01:25,1499657
Joe Biden,,,Joe Biden,,2021-04-29 10:01:26,1575668
Joe Biden,,,Joe Biden,,2021-04-29 14:01:36,1713018
Joe Biden,,,Joe Biden,,2021-04-29 18:01:30,1830718
